,sil,ch,gd41,os
k-means,0.3953022709,800.0958799059999,0.05907753510899999,21.76714226941
lwea,0.124767017435,247.15794017299996,0.0345327699195,30.634759943550005
monti,0.41804370250000006,625.724285183,0.08159403905455,127.67090220205
monti-fixed,0.3482591717,756.3681043729998,0.04777090762345,27.889697620149995
